product,rating_quantity_new,rating_stars_new,discount_percentage_new,url
Suplemento Trb Pharma Colágeno Hidrolizado Ultraflex Sabor Limón De 300g Combo X2 Unidades,21352,4.7,33,https://www.mercadolibre.com.ar/suplemento-trb-pharma-colageno-hidrolizado-ultraflex-sabor-limon-de-300g-combo-x2-unidades/p/MLA18948053?pdp_filters=item_id%3AMLA1125775106#polycard_client=offers&wid=MLA1125775106&sid=offers&deal_print_id=00b2fab5-ca7d-4bf4-b5d1-87e0d97a7c36&tracking_id=9b021444-444d-419c-b79e-96aad3869e05
Garden Life Picnic Mesa Para Jardin Exterior Plegable Camping Portatil 180 X 74 Cm Color Blanco,21276,4.7,45,https://www.mercadolibre.com.ar/garden-life-picnic-mesa-para-jardin-exterior-plegable-camping-portatil-180-x-74-cm-color-blanco/p/MLA25909782?pdp_filters=item_id%3AMLA2136298080#polycard_client=offers&wid=MLA2136298080&sid=offers&deal_print_id=9aa6ec1a-165a-4c2d-912d-946d42091b9c&tracking_id=74dde728-10ad-49ee-a7cf-984fbe58bad4
Purina Excellent Adult Para Gato Adulto Pollo/carne/arroz De 7.5kg,19194,4.8,5,https://www.mercadolibre.com.ar/purina-excellent-adult-para-gato-adulto-pollocarnearroz-de-75kg/p/MLA8726956?pdp_filters=item_id%3AMLA920526351#polycard_client=offers&wid=MLA920526351&sid=offers&deal_print_id=69619126-b27f-458f-afac-7ac4331d9149&tracking_id=3b20ce98-4ee9-4af4-b356-be94963e56c1
Balanza Digital Baño Personal Corporal Personas 180 Kg Diseño Minimalista Femmto Bws01,15793,4.7,39,https://www.mercadolibre.com.ar/balanza-digital-bano-personal-corporal-personas-180-kg-diseno-minimalista-femmto-bws01/p/MLA15503957?pdp_filters=item_id%3AMLA1154216485#polycard_client=offers&wid=MLA1154216485&sid=offers&deal_print_id=841262b9-47bb-4205-9f23-c12dfcd5a9eb&tracking_id=d114a530-05e2-4812-a249-eed5feee8816
Samsung Galaxy A15 128 Gb Negro Azulado 4 Gb Ram,15360,4.7,5,https://www.mercadolibre.com.ar/samsung-galaxy-a15-128-gb-negro-azulado-4-gb-ram/p/MLA32427104?pdp_filters=item_id%3AMLA1433625855#polycard_client=offers&wid=MLA1433625855&sid=offers&deal_print_id=13b99736-6e66-4f6f-85e9-54a9e2d493b8&tracking_id=a065554b-334e-4eaf-921c-104cba3e8678
Roku Express 3960 Hd Dispositivo De Streaming Con Control Remoto,14921,4.7,20,https://www.mercadolibre.com.ar/roku-express-3960-hd-dispositivo-de-streaming-con-control-remoto/p/MLA21087858?pdp_filters=item_id%3AMLA1757260396#polycard_client=offers&wid=MLA1757260396&sid=offers&deal_print_id=36b8f792-4ac6-433c-b2ea-05755e52798a&tracking_id=d5ba4f5e-8b7e-4029-bcd0-5f4d1b994e38
Suplemento En Polvo Ena Sport Creatina Monohidrato 100% Pura En Doypack De 300g Sabor Neutro Micronizada,14901,4.8,15,https://www.mercadolibre.com.ar/suplemento-en-polvo-ena-sport-creatina-monohidrato-100-pura-en-doypack-de-300g-sabor-neutro-micronizada/p/MLA18907230?pdp_filters=item_id%3AMLA1142847665#polycard_client=offers&wid=MLA1142847665&sid=offers&deal_print_id=9a713331-4a01-4397-8970-ed50ab74a7a4&tracking_id=67db87b8-2e55-4947-a592-fe004c7f564c
Cámara De Seguridad Wifi Gadnic Sx9 Ip 1080p Visión Noctura Inalambrica Motorizada,14360,4.5,11,https://www.mercadolibre.com.ar/camara-de-seguridad-wifi-gadnic-sx9-ip-1080p-vision-noctura-inalambrica-motorizada/p/MLA18635106?pdp_filters=item_id%3AMLA1480893575#polycard_client=offers&wid=MLA1480893575&sid=offers&deal_print_id=dcfc8088-bfd1-4f1c-98f6-a536bd355358&tracking_id=f34431f3-0e66-43c5-9a44-3562d99ba3a0&position=10
Suplemento En Polvo Star Nutrition Creatine Monohydrate En Pote De 300g Sin Sabor,12789,4.8,20,https://www.mercadolibre.com.ar/suplemento-en-polvo-star-nutrition-creatine-monohydrate-en-pote-de-300g-sin-sabor/p/MLA13283558?pdp_filters=item_id%3AMLA1137239021#polycard_client=offers&wid=MLA1137239021&sid=offers&deal_print_id=841262b9-47bb-4205-9f23-c12dfcd5a9eb&tracking_id=d114a530-05e2-4812-a249-eed5feee8816
Bomba Agua Presurizadora Pre1 Vasser Motorarg,12744,4.6,40,https://www.mercadolibre.com.ar/bomba-agua-presurizadora-pre1-vasser-motorarg/p/MLA19686540?pdp_filters=item_id%3AMLA1420557512#polycard_client=offers&wid=MLA1420557512&sid=offers&deal_print_id=f6d771c5-db1b-445d-8afe-504f3096d164&tracking_id=8d59fc50-1627-4663-bcc8-e61e6da5cfaa
